quarter,total_claims,total_paid_usd,avg_cost_per_claim
Q1,5,3311.54,662.308
Q2,5,810.44,162.08800000000002
Q3,2,1200.5500000000002,600.2750000000001
